{
    "todo-tree.highlights.customHighlight": {
        "STEP": {
            "icon": "tools", "foreground": "#FFF",
            "background": "#3f803f", "iconColour": "#35c835",
            "type": "line", "rulerLane": "full", "borderRadius": "3px"
        },
        "BUG": {
            "icon": "bug", "foreground": "#FFF",
            "background": "#d6452b", "iconColour": "#d6452b"
        },
        "TBD": {
            "icon": "tools", "foreground": "#000",
            "background": "#FFF", "iconColour": "#FFF"
        },
        "TODO": {
            "icon": "tools", "foreground": "#FFF",
            "background": "#3cc3ec", "iconColour": "#FFF"
        },
        "BL/S0": { "icon": "flame", "foreground": "#FFF", "background": "#b3882c", "iconColour": "#b3882c" },
        "BL/S1": { "icon": "flame", "foreground": "#FFF", "background": "#b3882c", "iconColour": "#b3882c" },
        "BL/S2": { "icon": "flame", "foreground": "#FFF", "background": "#b3882c", "iconColour": "#b3882c" },
        "BL/S3": { "icon": "flame", "foreground": "#FFF", "background": "#b3882c", "iconColour": "#b3882c" },
        "BL/S4": { "icon": "flame", "foreground": "#FFF", "background": "#b3882c", "iconColour": "#b3882c" },
        "BL/S5": { "icon": "flame", "foreground": "#FFF", "background": "#b3882c", "iconColour": "#b3882c" },
        "PX/S0": { "icon": "flame", "foreground": "#FFF", "background": "#3cc3ec", "iconColour": "#3cc3ec" },
        "PX/S1": { "icon": "flame", "foreground": "#FFF", "background": "#3cc3ec", "iconColour": "#3cc3ec" },
        "PX/S2": { "icon": "flame", "foreground": "#FFF", "background": "#3cc3ec", "iconColour": "#3cc3ec" },
        "PX/S3": { "icon": "flame", "foreground": "#FFF", "background": "#3cc3ec", "iconColour": "#3cc3ec" },
        "PX/S4": { "icon": "flame", "foreground": "#FFF", "background": "#3cc3ec", "iconColour": "#3cc3ec" },
        "PX/S5": { "icon": "flame", "foreground": "#FFF", "background": "#3cc3ec", "iconColour": "#3cc3ec" }
    },
    "todo-tree.general.rootFolder": "",
    "todo-tree.general.statusBar": "current file",
    "todo-tree.filtering.useBuiltInExcludes": "file and search excludes",
    "todo-tree.tree.scanMode": "current file",
    "todo-tree.tree.showCountsInTree": true,
    "todo-tree.tree.sortTagsOnlyViewAlphabetically": false,
    "todo-tree.tree.tagsOnly": true,
    "todo-tree.general.tags": [
        "STEP",
        "TBD","BUG","TODO",
        "BL/S0","BL/S1","BL/S2","BL/S3","BL/S4","BL/S5",
        "PX/S0","PX/S1","PX/S2","PX/S3","PX/S4","PX/S5"
    ],
    "todo-tree.tree.groupedByTag": true,
    "todo-tree.general.fileWatcherGlob": "**/*.tbd",

    "breadcrumbs.symbolSortOrder": "name",
    "files.associations": {
        "*.tbd": "dart"
    },
    "editor.minimap.scale": 2,
    "editor.minimap.maxColumn": 60,
    "editor.minimap.showSlider": "always",
    "editor.renderWhitespace": "all",
    "editor.insertSpaces": false
}