{"chapter1_1": [

	{"scene": "%(noteb_browser1)"},
	{"music": "%(mus_funccity)"},{"music2": "%(sfx_cafe_loop)"},
	{"at:somewhere1": "gg_dress1", "at:somewhere2": "vi_dress1", "at:somewhere3": "gm_dress1"},
	
		{"-|**": "Все началось поздним вечером, ровно в 23:00. С обычного электронного письма."},

		{"-|**": "Я - как обычно в такой поздний час - сидел в кафетерии."},
		{"-|**": "Расслаблялся после работы, спокойно пил кофе и неторопливо ужинал."},
		{"-|**": "Дома, на съемной квартире, все равно было пусто и уныло. И особо нечем заняться."},
		{"-|**": "(я частенько приходил туда только поспать)"},
		{"-|**": "А здесь всегда были люди и в целом как-то повеселее."},
	
		//{"at:near_item_rt": "%(story_notf1);%(updown_inloop)"},
		{"effect:view_title": "@slot_refpic:slot_ovl,%(story_notf1);+with_vfl,%(vfl_notf_inout_die)"},
		{"-|**": "Нотификация почтовика о новом сообщении вылезла как раз, когда я читал интересную статью на медиуме."},
	
	{"scene": "%(noteb_browser2)"},
	//{"at:nvl_zone": "narrator_nvl"},
		{"-|<=:gm": "Здравствуйте! Благодарим вас за то, что вы являетесь пользователем нашего сервиса целый год."},
		{"-|<=:gm": "За это время мы прошли непростой путь и достигли новых высот, и как вы наверное сами понимаете - это не случайно!"},
		{"-|<=:gm": "Все это произошло исключительно благодаря Вам, нашим пользователям!"},
		{"-|<=:gm": "И именно сегодня, в этот знаменательный день, мы хотим рассказать о совершенно новых нововведениях. Они наверняка вам понравятся!"},
		{"-|<=:gm": "Как вы знаете, за последнее время в сервис добавилось множество функций, которые..."},
	
	//{"at:adv_zone": "narrator_adv"},
		{"-|**": "Похоже это был какой-то очередной спам непойми от кого."},
		{"-|**": "Я покрутил дальше и уже совсем было собрался удалить это письмо, однако..."},
		{"-!**": "Одна строчка все же зацепила мой взгляд. ''С вашей карты автоматически спишется новая стоимость подписки за весь год.''"},
	{"music": "%(mus_steppinout)"},
		{"-|**": "''Э? Чего? Какой такой подписки?'' - пролетело у меня в голове и я вчитался в последние строки повнимательней."},
		{"-|<=:gm": "Обратите внимание: Изменения вступят в силу уже с завтрашнего числа."},
		{"-|<=:gm": "Ваша подписка автоматически продлится на следующий год ровно в 12 часов ночи."},
		{"-|<=:gm": "НО ТОЛЬКО СЕГОДНЯ, СПЕЦИАЛЬНО ДЛЯ ВАС у нас есть просто Великолепное Предложение!"},
		{"-|<=:gm": "Мы предоставляем вам шанс продлить подписку на старых условиях! Не упустите свой шанс!"},
		{"-|<=:gm": "ЦЕЛЫХ ТРИ ДОПОЛНИТЕЛЬНЫХ МЕСЯЦА по старой цене!"},
		{"-|<=:gm": "Только сегодня, это ваша последняя возможность сэкономить! Скорее жмите сюда!"},
		{"-|**": "Я поскорее вчитался на адрес отправителя и с трудом вспомнил, что эта компания действительно попадалась мне на глаза."},
		{"-|**": "''Онлайн обучение, быстро и эффективно'', что угодно для чайников, за две недели. Кажется, это все было про них."},
		{"-|**": "И где-то год назад я действительно собирался учиться на онлайн курсах. И даже что-то такое пробовал на себе."},
		{"-|**": "Это было еще на старой работе, на меня взвалили задачу в которой я вообще ничего не понимал и курсы казались мне шансом ''быстро въехать в тему''."},
		{"-|**": "Хотя в итоге оказалось значительно проще просто погуглить и разобраться самостоятельно."},
		{"-!**": "Неужели я где-то во время этих поисков успел ввести свои данные куда-то?"},
		{"-|**": "И с меня целый год списывали деньги... ни за что?"},
		{"-|**": "На секунду мне показалось, будто за спиной, в общем шуме кто-то ехидным голосом произнес ''Ну ты лох''"},
	
	{"scene": "%(cafe_view1)"},
		{"-|**": "Я даже оглянулся - но рядом, разумеется, никого не было."},
		{"-|**": "Хотя замечание было абсолютно справедливым."},
		{"-!**": "Несмотря на поздний час - кафетерий был полон людей."},
		{"-|**": "(хотя в моем любимом уголке было свободно, как всегда)"},
		{"-|**": "Какой-то посетитель на мгновение встретился со мной взглядом и тут же отвернулся."},
		{"-|**": "Как будто ему было неприятно смотреть на человека, у которого целый год вынимали из кармана кругленьку сумму..."},
		{"-|**": "А он этого даже не замечал."},
	
	{"scene": "%(gmask_black);%(appear_fast)"},
		{"-!**": "Я почувствовал, как кровь приливает к моему лицу и закрыл глаза."},
		{"-|**": "Мало того, что я платил непонятно кому неизвестно за что..."},
		{"-|**": "Так еще ''эти непонятно кто'' планировали брать с меня втрое больше с завтрашнего дня!"},
		{"-x**": "Решение пришло мгновенно."},
	
	{"scene": "%(noteb_browser2);%(hslide_fast)"},
		{"-/**": "Возвращать потерянное, конечно, смысла не было."},
		{"-|**": "Лень - да и сумма не такая большая, чтобы действительно напрягаться."},
		{"-|**": "Однако я все еще мог предотвратить новые потери."},
		{"-|**": "И остановить дальнейшие надругательства над своим банковским счетом."},
		{"-|**": "Надо всего лишь найти их сайт и отыскать где-то там кнопку отписки."},
		{"-|**": "Кнопка отписки должна быть обязательно!"},
		{"sound": "%(sfx_car_passby)"},
		{"-|**": "Потом достаточно ее нажать, ну может поставить где-нибудь пару галочек в процессе - и вуаля!"},
		{"-|**": "Приключение на пару минут."},
		{"-|**": "И можно будет с чистой совестью пойти домой, спать."},
	
		{"-!**": "Я прокрутил сообщение в самый конец."},
		{"-|**": "Формулировки, которым пестрило письмо, не оставляли сомнений - отправители знали толк в рекламе."},
		{"-|<=:gm": "Торопитесь! Последняя возможность - в последний день подписки!"},
		{"-|<=:gm": "Это предложение сохранить старый тариф действует только 60 минут!"},
		{"-|**": "Посмотрев на время, я усмехнулся."},
		{"-|**": "Письмо пришло ровно за один час до списания денег по ''новому тарифу''. Ловко придумано!"},
		{"-|**": "Если бы промедлил или не заметил..."},
		{"-x**": "''Вот блин, а ведь 10 минут уже прошло!'' - подумал я - ''нельзя терять время.''"},
	
		{"sound": "%(sfx_keyboard)"},
		{"-/**": "Я покрутил сообщение в начало, в поисках перехода в ''личный кабинет'' или что-то подобное."},
		{"-|**": "Однако... ничего подобного не нашлось."},
		{"-|**": "При повторном взгляде на письмо мне стало совершенно ясно, что в этой компании работают довольно ушлые ребята."},
		{"-|**": "И такой ошибки, как возможность удобно отписаться составители - конечно же - не допустили."},
		{"-|**": "По всем канонам сетевого маркетинга, ссылки вели только на ''последнюю возможность сэкономить только сейчас!''"},
	
		{"sound": "%(sfx_keyboard)"},
		{"-/**": "Но я уже настроился на победу и найти их настоящий сайт оказалось делом одной минуты."},
		{"-|**": "Ссылка на личный кабинет тоже нашлась довольно быстро, еще пять минут ушло на восстановление пароля."},
	{"scene": "%(noteb_browser3);%(hslide_fast)"},
		{"-|**": "Зайдя в него, я сразу же наткнулся на ''просмотренные видеоуроки''..."},
		{"-|**": "И невольно начал вспоминать с чего все началось."},
	
	{"scene": "%(noteb_youtube);%(mem);%(hslide_fast)"},
		{"-|**": "Это действительно было год назад."},
		{"-|**": "В тот день я повелся на рекламу и действительно купил курс по интересующей меня теме."},
		{"-|**": "Но первое же видео оказалось заполнено водой чуть менее, чем полностью."},
		{"-|**": "Как и остальные. Весь курс был пустым и набит в основном болтовней ''ни о чем'' под красивую музычку."},
		{"-|**": "А ''обучение'' сводилось к отсылкам на открытые ресурсы без каких-либо пояснений."},
		{"-|**": "Я даже не смог досмотреть это все до середины и просто постарался стереть ''курс'' из памяти."},
		{"-|**": "И похоже довольно успешно - раз за целый год мне не пришло в голову хотя бы отписаться от их услуг раз и навсегда."},
	
		{"sound": "%(sfx_keyboard)"},
		{"-|**": "''Хм... может в этом и состоял их бизнес план?'' - подумал я, щелкая по линкам - ''купил, оплатил, забыл... профит!''"},
		{"-|**": "Впрочем, сейчас это уже не имело никакого значения."},
	
	{"scene": "%(noteb_browser4);%(white)"},
		{"-!**": "Заветная кнопка тоже нашлась довольно быстро."},
		{"-|**": "Не думая ни секунды я на нее кликнул и..."},
		{"at:view_center": "%(story_notf2);+with_vfl,%(vfl_obj_kaboomin_loop)"},
		{"-|**": "И..."},
		{"-|**": "И..."},
		{"-|**": "И..."},
		{"at:view_center": "null;+with_vfl,%(vfl_pop_out)"},
	
	{"scene": "%(noteb_browser3a);%(hslide_fast)"},
	{"at:somewhere3": "wb_dress1"},
		{"-|<=:wb": "Что-то пошло не так. Обратитесь в службу технической поддержки сайта."},
		{"-|**": "Ничего не изменилось. Подписка не отменилась."},
		{"-|**": "Я обновил страничку и попробовал еще раз."},
		{"-|<=:wb": "Что-то пошло не так. Обратитесь в службу технической поддержки сайта."},
		{"-|**": "Тоже самое."},
		{"-|**": "И на второй раз, и на третий... "},
		{"-|<=:wb": "Что-то пошло не так. Обратитесь в службу технической поддержки сайта."},
		{"-|**": "Я печально вздохнул и стукнул по столу."},
		{"-|**": "Ждать от сайта подобной компании идеальной работы было достаточно наивно."},
		{"-|**": "Тем более в 23:20, когда в офисах никого нет, жаловаться некому и проблемы раньше завтрашнего утра никто решать даже и не почешется."},
		{"-|**": "''Я попал'' - подумал я - ''и что теперь делать?''"},
		{"-|**": "Разве что заблокировать карточки или снять с них деньги, чтобы ''этим'' не досталось ровным счетом ничего..."},
	
	{"scene": "%(noteb_browser3);%(hslide_fast)"},
		{"-!**": "Но вот беда - было не ясно, какой именно картой я платил. На сайте это никак не обозначалось, а сам я уже не помнил."},
		{"-|**": "У меня их было несколько, пользовался я всеми по ситуации и ''обнулять'' их все прямо сейчас..."},
		{"-|**": "Тем более на некоторых из них висели подписки на сервисы, которыми я ДЕЙСТВИТЕЛЬНО пользовался."},
		{"-|**": "И разбираться с ними потом отдельно, перевводить данные и все такое..."},
		{"-|**": "Приключением на пару минут это уже не выглядело."},
	
		{"-!**": "Я почесал репу. Что же делать?"},
		{"-|**": "Дарить этим ''онлайн халтурщикам'' свои кровно заработанные мне по прежнему не хотелось!"},
		{"-|**": "Не рассчитывая ни на какой особенный результат я тыкнул в ссылку ''чат с техподдержкой''."},
		{"-|**": "Как обойтись малой кровью? Должен же быть какой-то выход."},
		{"-|**": "''Надо хотя бы попытаться вспомнить, что использовал и заблокировать только одну карту, а не все'' - подумал я, рассеянно водя мышкой по экрану."},
		{"-|**": "Внезапно мне в голову пришла одна простая мысль - почему бы просто не посмотреть историю платежей за то время по каждой карте?"},
		{"-|**": "Найти тот платеж, перевести с карточки деньги, заблокировать только ее - и проблема почти решена..."},
	
	{"scene": "%(noteb_browser5a);%(hslide_fast)"},
	{"at:somewhere3": "wc_dress1"},
		{"-/<=:wc": "Здравствуйте, чем вам помочь?"},
		{"-|**": "Окошко чата выскочило на весь экран. Похоже там был кто-то живой!"},
		{"-|**": "Это мог быть обыкновенный бесполезный бот - однако у меня затеплилась надежда обойтись без крайних мер."},
	
		{"-|=>:gg": "Здравствуйте. Я хотел бы отменить подписку."},
		{"-|=>:gg": "Ваш сайт не дает мне это сделать."},
		{"-|<=:wc": "Хорошо. Сообщите ваш логин."},
	{"music": "%(mus_funccity)"},
		{"-|**": "Похоже это был не бот."},
		{"-|**": "Я написал в чат свой логин (хоть вопрос меня и удивил)"},
		{"-|**": "Ждать ответа пришлось целую минуту."},
		{"-|**": "И ответ меня, разумеется не порадовал."},
	
	{"scene": "%(noteb_browser5b);%(hslide_fast)"},
		{"-|<=:wc": "Хорошо, ответьте пожалуйста на несколько вопросов."},
		{"-|**": "Я вчитался в строчку. Что? Какие вопросы?"},
		{"-|=>:gg": "Отмените пожалуйста подписку, у меня нету времени отвечать на вопросы."},
		{"-|<=:wc": "К сожалению я не могу, у нас процедура."},
		{"-|<=:wc": "Ответьте пожалуйста на несколько вопросов."},
		{"-|**": "Я с трудом подавил желание выругаться."},
		{"-|**": "Но до полуночи оставалось еще почти полчаса - и я написал в чат короткое ''ок''"},
		{"-|<=:wc": "Спасибо."},
		{"-|<=:wc": "Сообщите ваше местоположение, пожалуйста."},
		{"-|**": "Браузер показал уведомление с просьбой предоставить данные геолокации."},
		{"-|=>:gg": "А это вам зачем?"},
		{"-|<=:wc": "Мы собираем дополнительную информацию исключительно с целью улучшить качество клиентского обслуживания."},
		{"-|<=:wc": "В случае отказа ваша заявка на отмену подписки будет направлена в головное отделение."},
		{"-|<=:wc": "Я не могу закрыть заявку без заполненной анкеты с ответами."},
		{"-|**": "Я скрипнул зубами и злобно кликнул по кнопке согласия."},
		{"-|**": "На предоставление данных о своей геолокации."},
		{"-|<=:wc": "Спасибо. Подождите минуту, система выбирает подходящие варианты действий..."},
		{"-|**": "В чате появилась крутилка и мне не оставалось ничего, кроме как ждать."},
		{"-|<=:wc": "Ага, все хорошо. Первый вопрос: как давно вы пользовались нашими услугами в последний раз?"},
		{"-|=>:gg": "Да у вас же все написано там!"},
		{"-|<=:wc": "Мне нужен ответ."},
		{"sound": "%(sfx_car_passby)"},
		{"-|**": "Я сделал глубокий вдох, чтобы успокоиться."},
		{"-|=>:gg": "Год. Назад."},
		{"-|<=:wc": "Спасибо. Второй вопрос: насколько баллов вы оцениваете наш сервис по шкале в пять баллов? Где один - это очень плохо, а пять - очень хорошо."},
		{"-|=>:gg": "Минус сто баллов."},
		{"-|<=:wc": "Извините, такого ответа нет в базе. насколько баллов вы оцениваете наш сервис по шкале в пять баллов? Где один..."},
		{"-|=>:gg": "1 балл."},
		{"-|<=:wc": "Хорошо, спасибо."},
		{"-|<=:wc": "Третий вопрос: Вы готовы порекомендовать наш сервис кому нибудь из друзей?"},
		{"-|<=:wc": "Оцените вашу готовность по шкале в пять баллов, где один - это очень маловероятно, а пять - очень вероятно."},
		{"-|**": "''Нет, они ТОЧНО издеваются'' - понял я и уже готов было написать едкий ответ, но..."},
	{"scene": "%(noteb_browser5c);%(hslide_fast)"},
		{"-!**": "Иконка вайфая в углу экрана моргнула красным и на экране появилось новое уведомление."},
	{"at:somewhere3": "wb_dress1"},
		{"-|<=:wb": "Не удалось установить WiFi-соединение. Проверьте настройки сети или обратитесь к системному администратору."},
		{"-|**": "Чертыхнувшись, я попробовал загрузить пару страниц - интернета действительно не было. Пропал!"},
	{"scene": "%(cafe_view1);%(hslide_fast)"},
		{"-|**": "Как постоянный клиент, я подключался к внутренней сети самого кафетерия."},
		{"-|**": "И эта самая сеть пропала в самый неудобный момент."},
	
	{"scene": "%(cafe_view3);%(hslide_fast)"},
		{"-!**": "Я вылез из-за стола и огляделся."},
		{"-|**": "Мне не оставалось ничего другого, кроме как попытаться выяснить в чем дело."},
		{"-|**": "За кассой как раз стоял знакомый продавец."},
		{"-!**": "Однако все оказалось не так-то просто."},
		{"-|**": "Перед кассой стояло несколько человек."},
		{"-|**": "Хоть мне и нравилось, что здесь всегда кто-то есть - но именно сейчас это было очень не кстати."},
		{"-|**": "Лезть вперед всех было бы слишком нагло, поэтому я встал в сторонке."},
		{"-|**": "Надеясь, что знакомый кассир разберется с очередью достаточно быстро."},
		{"-!**": "Прошла минута... другая... стрелки часов на стене неумолимо подбирались к 12 часам."},
		{"sound": "%(sfx_door_open)"},
		{"-|**": "Очередь все не рассасывалась, и когда я краем уха услышал ''Извините, кажется у нас нет интернета. Касса не работает''..."},
		{"-|**": "А потом очередь выросла еще на одного человека..."},
		{"-|**": "До меня наконец дошло, что стоять тут дальше нет никакого смысла."},
	{"music": "%(mus_workit)"},
		{"-|**": "''Кажется, я окончательно проиграл'' - подумал я, глядя на часы."},
		{"-|**": "Интернета нет, я даже не могу отыскать нужную карту и заблокировать ее..."},
		{"-|**": "Не звонить же в банк по телефону..."},
		{"-|**": "Я достал телефон и во мне снова зародилась она... последняя надежда!"},
		{"-!**": "Блин, у меня же в телефоне отдельный интернет!"},
		{"-|**": "Надо всего лишь завести хотспот - и вуаля!"},

	{"scene": "%(cafe_view2);%(hslide_fast)"},
		{"-/**": "Я вернулся к своему столу и начал лихорадочно тыкать в кнопки."},
		{"-|**": "Пытаясь найти заветную функцию."},
		{"-|**": "Раньше я никогда ей не пользовался, но она точно была где-то тут."},
		{"-|**": "В этом бесконечном потоке долбанных вложенных менюшек..."},
	{"at:far_r": "vi_dress1;%(popr)", "switch:vi": "nrm1"},
		{"-|<=:vi": "Извините, вы чем-то расстроены?"},
		{"-|**": "Я оторвался от телефона и перевел взгляд."},
	{"at:mid_r": "vi_dress1", "switch:vi": "smi1"},
		{"-|**": "Передо мной стояла девушка, довольно симпатичная."},
		{"-|**": "Выражение ее лица выглядело как-то... искренне, и я ответил."},
		{"-|=>:gg": "Да, есть такое."},
		{"-|**": "Я наконец-то нашел нужный пункт в телефоне."},
	
	{"scene:cg": "null;%(appear_fast)"},
		{"-|**:vi:nrm1": "Пока комп подключался к сети я краем глаза смотрел в сторону незнакомки."},
		{"-|**": "Она почему-то тоже смотрела - в мою сторону."},
		{"-|**": "И с учетом всего остального - это как-то нервировало."},
		{"-|**": "Компьютер все никак не подключался... и в конце концов я не выдержал."},
	
		{"-!=>:gg": "Вам что-то нужно?"},
		{"-|<=:vi": "Нет... Да..."},
		{"-|**:vi:nrm2": "Девушка сосредоточено нахмурилась."},
		{"-|<=:vi": "А разве не вы должны сказать мне, что мне нужно?"},
		{"-|**": "Мне потребовалось несколько секунд, чтобы переварить такой вопрос."},
		{"-!=>:gg": "Откуда... Вы почему... С чего вы решили, что я знаю, что вам нужно?"},
		{"-|**": "Девушка оглянулась по сторонам."},
		{"-|<=:vi:nrm3": "Но здесь больше никого нет. Такого как вы."},
		{"-|<=:vi": "Значит все верно."},
		{"-|<=:vi:nrm1": "Если сейчас не подходящее время - так и скажите."},
		{"-|<=:vi": "Я подожду."},
		{"-|**": "Пытаясь понять что здесь происходит, я смотрел на нее секунд десять."},
		{"-|**": "Но так и не смог ничего придумать."},
		{"-|=>:gg": "Да, сейчас очень, очень не подходящее время."},
	{"at:vi": "null"},
		{"-|**": "Девушка сердито кивнула и отошла в сторону."},
		{"-|**": "Я с облегчением вернулся к компу."},
	
	{"scene": "%(noteb_browser5b);%(hslide_fast)"},
	{"at:somewhere3": "wc_dress1"},
		{"-|**": "Комп наконец подключился."},
		{"-|**": "Я нажал на ввод уже готового ответа на ''третий вопрос'' и оно появилось в чате."},
		{"-|**": "Прошло несколько секунд и в чате появилось ответное сообщение:"},
		{"-|<=:wc": "Спасибо за сотрудничество, ваша подписка отменена."},
		{"-|**": "Наконец-то!!!"},
		{"-|**": "Я радостно хлопнул по столу ладонью, однако..."},
		{"-|**": "Секунду спустя моя радость растаяла как дым."},
	{"music": "%(mus_steppinout)"},
	{"at:somewhere3": "ba_dress1"},
		{"-|**": "Время последнего сообщения было 00:01"},
		{"-!**": "Мой телефон завибрировал."},
		{"-|**": "Я посмотрел на экран уже догадываясь... нет, точно зная, что я там увижу."},
		{"-|<=:ba": "Уведомление об операции. С вашего счета списана сумма..."},
		{"-|=>:gg": "Блин! Вот... сволочи."},
		{"-|**": "Подписка отменилась ровно после того, как наступил новый день... но сначала с меня автоматически снялись деньги. За год вперед."},
		{"-!**": "Я обновил страницу, убедился что статус подписки действительно сменился на ''отмененный'' и медленно закрыл крышку ноутбука."},
	
	{"scene": "%(cafe_view1);%(hslide_fast)"},
		{"-|**": "Писать что-то в чат и ругаться особого смысла не было."},
		{"-|**": "Эта компания, продающая ''онлайн курсы''..."},
		{"-|**": "Меня просто развели. Тут не было никаких сомнений."},
		{"-|**": "Возможно, мне не хватило всего несколько секунд."},
		{"-!**": "Я повернулся к девушке, которая все еще стояла в стороне. Зачем-то."},
	
	{"scene": "%(cafe_view2);%(hslide_fast)"},
	{"at:mid_r": "vi_dress1", "switch:vi": "nrm2"},
		{"-|=>:gg": "Скажите... только честно. Вы работаете на них?"},
		{"-|=>:gg": "И много вам за это платят?"},
		{"-|**:vi:hm2": "На ее лице отразилось недоумение."},
		{"-|<=:vi": "Мне? Платят? Кто?"},
		{"-|**": "Я зачем-то кивнул на ноутбук."},
		{"-|=>:gg": "Они."},
		{"-|<=:vi:sur3": "Они? Мне никто не платит... Наоборот!"},
		{"-|<=:vi:nrm1": "Это я плачу. ПлачУ и плАчу. Я только учусь!"},
		{"-|**": "Она подошла поближе."},
		{"-|<=:vi:nrm2": "Подождите..."},
		{"-|<=:vi": "А... разве это не ВЫ на них работаете?"},
	
	{"scene": "%(gmask_black);%(appear_very_slow_uzo);%(clear)"},
	{"music": "%(mus_wtop)"},{"music2": "null"},
		{"-!**": "В общем выяснилось, что она, как и я когда-то..."},
		{"-|**": "Повелась на рекламу и записалась на ''курсы актерского мастерства''"},
		{"-|**": "По новой, ''экспериментальной методике''"},
		{"-|**": "И некоторые практические упражнения по этой ''экспериментальной методике''..."},
		{"-|**": "Заключались в том, чтобы поборость ''стеснительность'', страх делать что-то в присутствии других людей."},
		{"-!**": "Они действительно занимались на этих ''курсах'' чем-то подобным - поэтому она не заподозрила ничего необычного."},
		{"-|**": "Ей позвонили и предложили поупражняться с новым инструктором, ''особое предложение''"},
		{"-|**": "Это было за 10 минут до полуночи - она как раз возвращалась домой, неподалеку."},
		{"-|**": "И в качестве инструктора, по телефону, ей описали ''почему-то'' именно меня."},
		{"-!**": "Потом правда извинялись что произошла какая-то ошибка, но... ЭТИ курсы Вика потом бросила."},
		{"-|**": "Денег было жалко - но что поделать, учеба на собственных ошибках ''дорогое удовольствие''"},
		{"-|**": "Но для нас все закончилось не так уж и плохо :)"},
	
		{"-|**": "Но это уже совсем другая история..."},
	
		{"#": "_the_end_", "choice": ""
			, "button1": {"title": "КОНЕЦ", "action": "@script_finish"}
		}
	]}