<?xml version="1.0" encoding="UTF-8"?>
<TextureAtlas imagePath="ui_parts" width="1024" height="512">
	<SubTexture name="logo" x="2" y="2" width="700" height="170"/>
	<SubTexture name="bg_dialog_gw50_gh80" x="2" y="176" width="300" height="300"/>
	<SubTexture name="button_gw80" x="306" y="176" width="425" height="90"/>
	<SubTexture name="title_gw80" x="306" y="270" width="425" height="90"/>
	<SubTexture name="amust_error3" x="706" y="2" width="145" height="66"/>
	<SubTexture name="bt_pause_bg" x="706" y="72" width="113" height="68"/>
	<SubTexture name="bt_pause_fls_on" x="855" y="2" width="113" height="68"/>
	<SubTexture name="bt_pause_snd_2" x="855" y="74" width="113" height="68"/>
	<SubTexture name="bt_pause_snd_3" x="306" y="364" width="113" height="68"/>
	<SubTexture name="bt_pause_snd_1" x="306" y="436" width="113" height="68"/>
	<SubTexture name="bt_pause_snd_0" x="423" y="364" width="113" height="68"/>
	<SubTexture name="bt_pause_fls_off" x="423" y="436" width="113" height="68"/>
	<SubTexture name="amust_error2" x="540" y="364" width="111" height="66"/>
	<SubTexture name="bt_list_right" x="735" y="176" width="70" height="86"/>
	<SubTexture name="bt_list_left" x="809" y="176" width="70" height="86"/>
	<SubTexture name="bt_backlog" x="540" y="434" width="67" height="68"/>
	<SubTexture name="bt_opts" x="611" y="434" width="67" height="68"/>
	<SubTexture name="bt_close" x="883" y="176" width="67" height="68"/>
	<SubTexture name="amust_error" x="655" y="364" width="65" height="66"/>
	<SubTexture name="bg_options" x="823" y="72" width="8" height="8"/>
	<SubTexture name="amust_empty" x="835" y="72" width="8" height="8"/>
	<SubTexture name="amust_black" x="823" y="84" width="8" height="8"/>
</TextureAtlas>