{"vn_chars:vi":{
	"vi_dress1": {
		"actor_tag":"vi",
		"mood_def":"nrm1",
		"moods": {
			"nrm1":{"slot_avt":"%(_vi_nrm)","slot_emo":"%(vi_p1_nrm)","slot_dress":"%(vi_p1_dress1)"},
			"smi1":{"slot_avt":"%(_vi_smi)","slot_emo":"%(vi_p1_smi)","slot_dress":"%(vi_p1_dress1)"},
			"lau1":{"slot_avt":"%(_vi_lau)","slot_emo":"%(vi_p1_lau)","slot_dress":"%(vi_p1_dress1)"},
			"shy1":{"slot_avt":"%(_vi_shy)","slot_emo":"%(vi_p1_shy)","slot_dress":"%(vi_p1_dress1)"},
			"sur1":{"slot_avt":"%(_vi_sur)","slot_emo":"%(vi_p1_sur)","slot_dress":"%(vi_p1_dress1)"},
			"hm1":{"slot_avt":"%(_vi_hm)","slot_emo":"%(vi_p1_hm)","slot_dress":"%(vi_p1_dress1)"},
			"nrm2":{"slot_avt":"%(_vi_nrm)","slot_emo":"%(vi_p2_nrm)","slot_dress":"%(vi_p2_dress1)"},
			"smi2":{"slot_avt":"%(_vi_smi)","slot_emo":"%(vi_p2_smi)","slot_dress":"%(vi_p2_dress1)"},
			"lau2":{"slot_avt":"%(_vi_lau)","slot_emo":"%(vi_p2_lau)","slot_dress":"%(vi_p2_dress1)"},
			"shy2":{"slot_avt":"%(_vi_shy)","slot_emo":"%(vi_p2_shy)","slot_dress":"%(vi_p2_dress1)"},
			"sur2":{"slot_avt":"%(_vi_sur)","slot_emo":"%(vi_p2_sur)","slot_dress":"%(vi_p2_dress1)"},
			"hm2":{"slot_avt":"%(_vi_hm)","slot_emo":"%(vi_p2_hm)","slot_dress":"%(vi_p2_dress1)"},
			"nrm3":{"slot_avt":"%(_vi_nrm)","slot_emo":"%(vi_p3_nrm)","slot_dress":"%(vi_p3_dress1)"},
			"smi3":{"slot_avt":"%(_vi_smi)","slot_emo":"%(vi_p3_smi)","slot_dress":"%(vi_p3_dress1)"},
			"lau3":{"slot_avt":"%(_vi_lau)","slot_emo":"%(vi_p3_lau)","slot_dress":"%(vi_p3_dress1)"},
			"shy3":{"slot_avt":"%(_vi_shy)","slot_emo":"%(vi_p3_shy)","slot_dress":"%(vi_p3_dress1)"},
			"sur3":{"slot_avt":"%(_vi_sur)","slot_emo":"%(vi_p3_sur)","slot_dress":"%(vi_p3_dress1)"},
			"hm3":{"slot_avt":"%(_vi_hm)","slot_emo":"%(vi_p3_hm)","slot_dress":"%(vi_p3_dress1)"}
		}
	}
}}