{"vn_refs:char_vi": {
		"vi_p1_dress1": "%(BUILD:FILEPATH)/vi_p1_dress1_ww867_hh2030.png",
		"vi_p2_dress1": "%(BUILD:FILEPATH)/vi_p2_dress1_ww867_hh2030.png",
		"vi_p3_dress1": "%(BUILD:FILEPATH)/vi_p3_dress1_ww867_hh2030.png",
		"vi_p1_nrm": "%(BUILD:FILEPATH)/vi_p1_nrm_ox30_oy-604_ww214_hh180.png",
		"vi_p1_smi": "%(BUILD:FILEPATH)/vi_p1_smi_ox30_oy-604_ww214_hh180.png",
		"vi_p1_lau": "%(BUILD:FILEPATH)/vi_p1_lau_ox30_oy-604_ww214_hh180.png",
		"vi_p1_shy": "%(BUILD:FILEPATH)/vi_p1_shy_ox30_oy-604_ww214_hh180.png",
		"vi_p1_sur": "%(BUILD:FILEPATH)/vi_p1_sur_ox30_oy-604_ww214_hh180.png",
		"vi_p1_hm": "%(BUILD:FILEPATH)/vi_p1_hm_ox30_oy-604_ww214_hh180.png",
		"vi_p2_nrm": "%(BUILD:FILEPATH)/vi_p2_nrm_ox30_oy-604_ww214_hh180.png",
		"vi_p2_smi": "%(BUILD:FILEPATH)/vi_p2_smi_ox30_oy-604_ww214_hh180.png",
		"vi_p2_lau": "%(BUILD:FILEPATH)/vi_p2_lau_ox30_oy-604_ww214_hh180.png",
		"vi_p2_shy": "%(BUILD:FILEPATH)/vi_p2_shy_ox30_oy-604_ww214_hh180.png",
		"vi_p2_sur": "%(BUILD:FILEPATH)/vi_p2_sur_ox30_oy-604_ww214_hh180.png",
		"vi_p2_hm": "%(BUILD:FILEPATH)/vi_p2_hm_ox30_oy-604_ww214_hh180.png",
		"vi_p3_nrm": "%(BUILD:FILEPATH)/vi_p3_nrm_ox30_oy-604_ww214_hh180.png",
		"vi_p3_smi": "%(BUILD:FILEPATH)/vi_p3_smi_ox30_oy-604_ww214_hh180.png",
		"vi_p3_lau": "%(BUILD:FILEPATH)/vi_p3_lau_ox30_oy-604_ww214_hh180.png",
		"vi_p3_shy": "%(BUILD:FILEPATH)/vi_p3_shy_ox30_oy-604_ww214_hh180.png",
		"vi_p3_sur": "%(BUILD:FILEPATH)/vi_p3_sur_ox30_oy-604_ww214_hh180.png",
		"vi_p3_hm": "%(BUILD:FILEPATH)/vi_p3_hm_ox30_oy-604_ww214_hh180.png",
		"_vi_nrm": "%(BUILD:FILEPATH)/_vi_nrm_ww100_hh100.png",
		"_vi_smi": "%(BUILD:FILEPATH)/_vi_smi_ww100_hh100.png",
		"_vi_lau": "%(BUILD:FILEPATH)/_vi_lau_ww100_hh100.png",
		"_vi_shy": "%(BUILD:FILEPATH)/_vi_shy_ww100_hh100.png",
		"_vi_sur": "%(BUILD:FILEPATH)/_vi_sur_ww100_hh100.png",
		"_vi_hm": "%(BUILD:FILEPATH)/_vi_hm_ww100_hh100.png"
	}}