<?xml version="1.0" encoding="utf-8"?>

<!-- Build commands:

- Debug run
openfl test html5 -DAPP_1920_1080 -Ddebug
- Release build
openfl test html5 -DAPP_1920_1080

- Minified version of project (sound problems!!!)
openfl test html5 -DAPP_1920_1080 -final
- No assets rebuild
openfl test html5 -DAPP_1920_1080 -Ddebug -Dfast=1


openfl test windows -DAPP_1920_1080 -Ddebug
openfl test mac -DAPP_1920_1080 -Ddebug

-->

<project>
	<set name="app_name" value="LastDayOfSub" /> <!-- No spaces!!! -->
	<set name="app_ver" value="1.0.0" />
	<set name="app_ww" value="1920" if="APP_1920_1080"/>
	<set name="app_hh" value="1080" if="APP_1920_1080"/>
	<set name="app_bgcol" value="0xEDFEF6"/>
	<haxedef name="APP_VERSION" value="${app_ver}" />
	<haxedef name="APP_NAME" value="${app_name}" />
	<haxedef name="APP_LANGS" value="ru" />
	<haxedef name="APP_WIDTH" value="${app_ww}" />
	<haxedef name="APP_HEIGHT" value="${app_hh}" />
	<haxedef name="APP_BGCOL" value="${app_bgcol}" />
	<haxedef name="ASSETS_URL" value="assets/" if="debug" />
	<haxedef name="ASSETS_URL" value="https://gamerotor.com/images_vns/n7_avjam4/<app_namever>_assets/" unless="debug" />
	<meta title="${app_name}" package="com.wplabs.ruavjam4" version="${app_ver}" company="GameRotor" />

	<app main="AppMain" file="AppMain" path="bin" />
	<window width="${app_ww}" height="${app_hh}" orientation="landscape" background="0x000000" />
	<window depth-buffer="true" stencil-buffer="true" fps="60" hardware="true" vsync="true" />
	<window resizable="true"/>

	<section if="debug"><postbuild  command="echo - Build type: Debug" /></section>
	<section unless="debug"><postbuild  command="echo - Build type: Release" /><haxeflag name="--no-traces" /></section>
	<haxedef name="haxeJSON"/>
	
	<!-- +hxp, install-hxp-alias /-->
	<haxelib name="starling" />
	<haxelib name="openfl" />

	<source path="../../libs_wla" />
	<source path="../../libs_ext" />
	<source path="src" />

	<!-- icon change require erase of bin/.../bin  -->
	<icon path="system/app_logo_v1.png" size="16" />
	<icon path="system/app_logo_v1.png" size="24" />
	<icon path="system/app_logo_v1.png" size="32" />
	<icon path="system/app_logo_v1.png" size="40" />
	<icon path="system/app_logo_v1.png" size="48" />
	<icon path="system/app_logo_v1.png" size="64" />
	<icon path="system/app_logo_v1.png" size="96" />
	<icon path="system/app_logo_v1.png" size="128" />
	<icon path="system/app_logo_v1.png" size="256" />

	<prebuild command='hxp ../../libs_ext/build/buildassets_v2.hx -prebuild -Dan=${app_name} -Dav=${app_ver} -Dfast=${fast} -Dbuild_html5=${html5} -Dbuild_mac=${mac} -Dbuild_win=${windows}'/>
	<postbuild command="hxp ../../libs_ext/build/buildassets_v2.hx -postbuild" />
</project>

