{
	"ui": {
		"colors":{
			"ui_white": "0xEDFEF6",
			"ui_red": "0xFCC0B5",
			"ui_green": "0xA4F3D7",
			"ui_blue": "0xA4E8F3"
		},

		"defaults_text":{
			"text_color": "ui_white",
			"text_font": "roboto",
			"text_shift": [0, 0, 41],
			"text_size": -1
		},
		"label":{
			"normal":{
				"%%+":"ui.defaults_text"
			}
		},
		"button":{
			"normal":{
				"%%+":"ui.defaults_text",
				"bg_style": "button_gw80",
				"margin_ww": 30,
				"cursor_type": 1,
				"highlight_speed": 5, "highlight_speed_pingpong": 25,
				"highlight_lohi": [0.0,0.07], "highlight_lohi2": [0.0,0.15],

				"sfx_tap": "sfx_ok_btn.ogg"
			},
			"ok":{
				"%%+":"ui.button.normal",
				"fixed_ww": 300
			},
			"cancel":{
				"%%+":"ui.button.normal",
				"fixed_ww": 300
			}
		},
		"dialog":{
			"%%+":"ui.defaults_text",
			"bg_style": "bg_dialog_gw50_gh80",
			"margin_ww": 50, "margin_hh": 40,
			"layouts_char2px": [30,40],

			"title_font": "roboto",
			"title_size": -1,
			"title_color": "ui_white",
			"title_bg_style": "title_gw80",
			"title_margin_ww": 50,
			"title_ppos": [0.5, 0.0, 0.0, 0.0, 0.5, 0.5],

			"close_bt_respic": "bt_close",
			"close_bt_ppos": [1.0, 0.0, -20, 24, 0.5, 0.5],
			"close_bt_ppos_inside": [1.0, 0.0, -20, 24, 1.0, 0.0],

			"sfx_open": "sfx_dlg_open.ogg",
			"sfx_close": "sfx_dlg_close.ogg"
		},
		"page":{
			"%%+":"ui.dialog",
			"app_bt_options": "bt_opts",
			"app_bt_backlog": "bt_backlog",
			"list_bt_left": "bt_list_left",
			"list_bt_right": "bt_list_right",
			"list_scroll_pimpa": "bg_options"
		},
		"alert":{
			"%%+":"ui.dialog",
			"bg_style": "bg_dialog_gw50_gh80"
		}
	}
}
