{
	"vn_refs:sfx": {
		"sfx_amb_timepass": "/_content/sfx/effects/sfx_amb_timepass.ogg",
		"sfx_cafe_loop": "/_content/sfx/effects/sfx_cafe_loop.ogg",
		"sfx_car_passby": "/_content/sfx/effects/sfx_car_passby.ogg",
		"sfx_door_open": "/_content/sfx/effects/sfx_door_open.ogg",
		"sfx_keyboard": "/_content/sfx/effects/sfx_keyboard.ogg"
	},
	"vn_refs:music": {
		"mus_funccity": "/_content/sfx/music/mus_funccity.ogg",
		"mus_steppinout": "/_content/sfx/music/mus_steppinout.ogg",
		"mus_workit": "/_content/sfx/music/mus_workit.ogg",
		"mus_wtop": "/_content/sfx/music/mus_wtop.ogg"
	}
}

