{
	"vn_refs:cg_plainimg": {
		"noteb_browser1": "/_content/art/cg/noteb_browser1_ww1920_hh1080.jpg",
		"noteb_browser2": "/_content/art/cg/noteb_browser2_ww1920_hh1080.jpg",
		"noteb_browser3": "/_content/art/cg/noteb_browser3_ww1920_hh1080.jpg",
		"noteb_youtube": "/_content/art/cg/noteb_youtube_ww1920_hh1080.jpg"
	},
	"vn_refs:cg_plainimg_nong": {
		"noteb_browser3a": "/_content/art/cg/noteb_browser3a_ww1920_hh1080.jpg",
		"noteb_browser4": "/_content/art/cg/noteb_browser4_ww1920_hh1080.jpg",
		"noteb_browser5a": "/_content/art/cg/noteb_browser5a_ww1920_hh1080.jpg",
		"noteb_browser5b": "/_content/art/cg/noteb_browser5b_ww1920_hh1080.jpg",
		"noteb_browser5c": "/_content/art/cg/noteb_browser5c_ww1920_hh1080.jpg"
	}
}
