{
	"vn_aliases:effects":{
		"night": "@slot_effect,layerTint(col0x1f2a33,mix0.5)",
		"mem": "@slot_effect,layerTint(col0x9dcbe5,mix0.8,bri0.4)"
	},
	"vn_aliases:transt":{
		"clear": "@actor_clear",
		"white": "+with_splash_image,%(gmask_white)",
		"black": "+with_splash_image,%(gmask_black)",
		"appear_slow": "+with_gradient,fade_in,1.0",
		"appear_very_slow": "+with_gradient,fade_in,1.0",
		"appear_very_slow_uzo": "+with_gradient,%(gmask_uzo2),1.0",
		"appear_fast": "+with_gradient,fade_in,0.3",

		"timepass": "+with_gradient,%(gmask_chk2);+sound,%(sfx_amb_timepass);@actor_clear",
		"timepass2": "+with_splash_gradient,%(gmask_horz6),%(gmask_black),0.4;+sound,%(sfx_amb_timepass);@actor_clear",
		"timepass3": "+with_splash_gradient,%(gmask_vert2),%(gmask_black),0.4;+sound,%(sfx_amb_timepass);@actor_clear",
		"timepass4": "+with_splash_gradient,%(gmask_vert4),%(gmask_black),0.4;+sound,%(sfx_amb_timepass);@actor_clear",
		"timepass5": "+with_splash_gradient,%(gmask_rou5),%(gmask_black),0.4;+sound,%(sfx_amb_timepass);@actor_clear",
		"timepass6": "+with_splash_gradient,%(gmask_uzo1),%(gmask_black),0.4;+sound,%(sfx_amb_timepass);@actor_clear",
		"checkboard": "+with_gradient,%(gmask_chk2)",
		"checkboard2": "+with_splash_gradient,%(gmask_chk1),%(gmask_black),0.3",
		"checkboard3": "+with_splash_gradient,%(gmask_chk3),%(gmask_black),0.3",
		"checkboard4": "+with_splash_gradient,%(gmask_chk4),%(gmask_black),0.3",
		"checkboard5": "+with_splash_gradient,%(gmask_chk5),%(gmask_black),0.3",
		"checkboard6": "+with_splash_gradient,%(gmask_chk6),%(gmask_black),0.3",
		"hslide": "+with_splash_gradient,%(gmask_horz1),%(gmask_white)",
		"hslide_fast": "+with_gradient,%(gmask_horz1),0.5",
		"hslide_long": "+with_gradient,%(gmask_horz1),3.0",
		"dream": "+with_splash_gradient,%(gmask_uzo3),%(gmask_black)",
		"poprj": "+with_vfl,%(vfl_pop_in_rjump)",
		"poplj": "+with_vfl,%(vfl_pop_in_ljump)",
		"popr": "+with_vfl,%(vfl_pop_in_r)",
		"popl": "+with_vfl,%(vfl_pop_in_l)",

		"updown_inloop": "+with_vfl,%(vfl_pop_in);@slot_vfl,wait1.0,%(vfl_infly_loop)"
	},
	"vn_aliases:vfl":{
		"vfl_emo_rage": "t0.0, x-100.0, y-100.0, a0.0, r18.434949, sx1.0, sy1.0, t0.1, a1.0, t0.145, x-106.0, y-97.0, t0.21, x-107.846154, y-104.576923, t0.265, x-96.265427, y-95.654832, t0.32, x-90.207636, y-103.75109, t0.37, x-86.211428, y-99.600449, t0.43, x-104.532794, y-97.8126, t0.483, x-100.0, y-100.0, t0.594, a0.0, t6.0, x-100.0, y-100.0, a0.0, r18.434949, sx1.0, sy1.0, loop",
		
		"vfl_pan1500below": "t0, y-350, t5, y330",
		"vfl_pan1500left": "t0, x-70, t5, x70",

		"vfl_pop_out": "t0,s1,a1, t0.2, s1.05, t0.4, s0.9, a1, t0.6, s0.4, a0, die",
		"vfl_pop_in": "t0, s0.8, a0, t0.6, s1, a1",
		"vfl_pop_in_r": "t0, x80, a0, t0.2, x50, t0.4, x0, a1",
		"vfl_pop_in_l": "t0, x-80, a0, t0.2, x-50, t0.4, x0, a1",
		"vfl_pop_in_rjump": "t0, x80, a0, t0.2, x40, y-10, t0.4, x0, y0, a1",
		"vfl_pop_in_ljump": "t0, x-80, a0, t0.2, x-40, y-10, t0.4, x0, y0, a1",
		"vfl_title_inout_die": "t0, y-50, a0, t0.6, y0, a1, t6.0, y0, a1, t6.6, y-50, a0, die",
		"vfl_notf_inout_die": "t0, x400, a0, t0.5, x400, a0, t1.0, x0, a1, t6.5, x0, a1, t7.0, x400, a0, die",


		"vfl_step_l1": "t0.0, x0, y0, a1.0, r0, sx1.0, sy1.0, t0.279, x-50.0, y-10.0, t0.473, x-90.0, t0.598, x-125.0, y0",
		"vfl_step_l1i": "t0.0, x-125.0, y0, a1.0, r0, sx1.0, sy1.0, t0.35, x-90.0, y-10.0, t0.469, x-50.0, t0.665, x0, y0",
		"vfl_step_r1": "t0.0, x0, y0, a1.0, r0, sx1.0, sy1.0, t0.279, x50.0, y-10.0, t0.473, x90.0, t0.598, x125.0, y0",
		"vfl_step_r1i": "t0.0, x125.0, y0, a1.0, r0, sx1.0, sy1.0, t0.194, t0.353, x90.0, y-10.0, t0.54, x50.0, t0.719, x0, y0",

		"vfl_shake_hl": "t0, y10, t0.2, y0, t0.3, y10, t0.5, y0, t0.7, y5, t0.8, y0",
		"vfl_shake_sl": "t0, x0, y0, t0.03, x3, t0.06, x0, t0.1, x-3, t0.13, x0, t0.16, x3, t0.2, x0, t0.23, x-3, t0.26, x0, y0, t0.3, y3, t0.33, y0, t0.36, y-3, t0.4, x0, y0",
		"vfl_shake_sld": "t0, x0, y0, s1, t0.6, x0, y0, s1, t0.63, x-3, s1.01, t0.66, x-6, t0.7, x-3, t0.73, x0, t0.76, x-6, t0.8, x0, t0.83, x-3, t0.86, x0, y0, t0.9, y-3, t0.93, y0, t0.96, y-6, s1, t1.0, x0, y0",
		"vfl_phone_shake_loop": "t0.0, x0, y0, a0, r0, sx0.8, sy0.8, t0.4, a1.0, r0, sx1.0, sy1.0, t0.445, x5.0, r2.0, t0.491, x0, r0, t0.53, x-5.0, r-2.0, t0.574, x0, r0, t0.616, r0, t0.661, x3.0, r0, t0.7, x0, r0, t0.751, x-3.0, r0, t0.8, x0, r0, t2.0, r0, t2, x0, t2.045, x5.0, r2.0, t2.091, x0, r0, t2.13, x-5.0, r-2.0, t2.174, x0, r0, t2.216, r0, t2.261, x3.0, r0, t2.3, x0, r0, t2.351, x-3.0, r0, t2.4, x0, r0, t5.0, r0, t5, x0, t5.045, x5.0, r2.0, t5.091, x0, r0, t5.13, x-5.0, r-2.0, t5.174, x0, r0, t5.216, r0, t5.261, x3.0, r0, t5.3, x0, r0, t5.351, x-3.0, r0, t5.4, x0, r0, t7.433, x0, r0, t7.478, x5.0, r2.0, t7.524, x0, r0, t7.563, x-5.0, r-2.0, t7.607, x0, r0, t7.649, r0, t7.694, x3.0, r0, t7.733, x0, r0, t7.784, x-3.0, r0, t7.833, x0, r0, t9.967, x0, r0, t10.012, x5.0, r2.0, t10.058, x0, r0, t10.097, x-5.0, r-2.0, t10.141, x0, r0, t10.183, r0, t10.228, x3.0, r0, t10.267, x0, r0, t10.318, x-3.0, r0, t10.367, x0, r0, t12.633, r0, t12.678, x5.0, r2.0, t12.724, x0, r0, t12.763, x-5.0, r-2.0, t12.807, x0, r0, t12.849, r0, t12.894, x3.0, r0, t12.933, x0, r0, t12.984, x-3.0, r0, t13.033, x0, r0, t14.967, x0, r0, t15.012, x5.0, r2.0, t15.058, x0, r0, t15.097, x-5.0, r-2.0, t15.141, x0, r0, t15.183, r0, t15.228, x3.0, r0, t15.267, x0, r0, t15.318, x-3.0, r0, t15.367, x0, r0, t17.533, r0, t17.578, x5.0, r2.0, t17.624, x0, r0, t17.663, x-5.0, r-2.0, t17.707, x0, r0, t17.749, r0, t17.794, x3.0, r0, t17.833, x0, r0, t17.884, x-3.0, r0, t17.933, x0, r0, t19.967, x0, r0, t20.012, x5.0, r2.0, t20.058, x0, r0, t20.097, x-5.0, r-2.0, t20.141, x0, r0, t20.183, r0, t20.228, x3.0, r0, t20.267, x0, r0, t20.318, x-3.0, r0, t20.367, x0, r0, t22.767, r0, t22.812, x5.0, r2.0, t22.858, x0, r0, t22.897, x-5.0, r-2.0, t22.941, x0, r0, t22.983, x0, r0, t23.028, x3.0, r0, t23.067, x0, r0, t23.118, x-3.0, r0, t23.167, x0, r0, t25.0, r0, t25.045, x5.0, r2.0, t25.091, x0, r0, t25.13, x-5.0, r-2.0, t25.174, x0, r0, t25.216, r0, t25.261, x3.0, r0, t25.3, x0, r0, t25.351, x-3.0, r0, t25.4, x0, r0, t27.6, x0, r0, t27.645, x5.0, r2.0, t27.691, x0, r0, t27.73, x-5.0, r-2.0, t27.774, x0, r0, t27.816, x0, r0, t27.861, x3.0, r0, t27.9, x0, r0, t27.951, x-3.0, r0, t28.0, x0, r0, t30.033, x0, r0, t30.078, x5.0, r2.0, t30.124, x0, r0, t30.163, x-5.0, r-2.0, t30.207, x0, r0, t30.249, x0, r0, t30.294, x3.0, r0, t30.333, x0, r0, t30.384, x-3.0, r0, t30.433, x0, r0, t32.567, x0, r0, t32.612, x5.0, r2.0, t32.658, x0, r0, t32.697, x-5.0, r-2.0, t32.741, x0, r0, t32.783, x0, r0, t32.828, x3.0, r0, t32.867, x0, r0, t32.918, x-3.0, r0, t32.967, x0, r0, t35.033, x0, r0, t35.078, x5.0, r2.0, t35.124, x0, r0, t35.163, x-5.0, r-2.0, t35.207, x0, r0, t35.249, x0, r0, t35.294, x3.0, r0, t35.333, x0, r0, t35.384, x-3.0, r0, t35.433, x0, r0, t37.667, x0, r0, t37.712, x5.0, r2.0, t37.758, x0, r0, t37.797, x-5.0, r-2.0, t37.841, x0, r0, t37.883, x0, r0, t37.928, x3.0, r0, t37.967, x0, r0, t38.018, x-3.0, r0, t38.067, x0, r0, t39.936, x0, y0, sx1.0, sy1.0, a1.0, r0, t40.0, x0, y0, a0, r0, sx0.8, sy0.8, loop",

		"vfl_obj_ppout_loop": "t0.0, x0, y0, a1.0, r0, sx1.0, sy1.0, t1.567, x-363.0, y-208.0, a0, t39.433, x0, y0, t39.711, a0, t40.0, x0, y0, a1.0, r0, sx1.0, sy1.0, loop",
		"vfl_obj_flyin_loop": "t0.0, x0, y500.0, a1.0, r0, sx1.0, sy1.0, t1.933, y-50.0, t3.96, y0, t5.946, y-50.0, t7.967, y0, t9.974, y-50.0, t11.965, y0, t13.985, y-50.0, t16.003, y0, t17.948, y-50.0, t20.0, x0.0, y500.0, a1.0, r0, sx1.0, sy1.0, loop",
		"vfl_obj_flyout_loop": "t0.0, x0, y-50.0, a1.0, r0, sx1.0, sy1.0, t3.301, y500.0, t19.978, y0, t20.0, x0, y-50.0, a1.0, r0, sx1.0, sy1.0, loop",
		"vfl_obj_kaboomin_loop": "t0.0, x0, y0, a0, r0, sx0.8, sy0.8, t0.3, a1.0, sx1.0, sy1.0, t0.4, r-2.0, sx1.1, sy1.1, t0.5, r-1.4, t0.8, r0, sx1.0, sy1.0, t0.85, r1, t0.9, r0, t39, x0, y0, a1, r0, sx1.0, sy1.0, t40.0, x0, y0, a0, r0, sx0.8, sy0.8, loop",

		"vfl_infly_loop": "t0.0, x0, y0, a1.0, r0, sx1.0, sy1.0, t2.199, y-40.0, t2.598, y-50.0, t4.199, y30.0, t4.599, y40.0, t6.0, x0, y0, a1.0, r0, sx1.0, sy1.0, loop",
		"vfl_circle_loop": "t0.0, x-30.0, y0, a1.0, r0, sx1.0, sy1.0, t1.498, x0, y-30.0, t2.999, x30.0, y0, t4.499, x0, y30.0, t6.0, x-30.0, y0, a1.0, r0, sx1.0, sy1.0, loop",

		"vfl_emo_rage_loop": "t0.0, x-100.0, y-100.0, a0.0, r18, sx1.0, sy1.0, t0.1, a1.0, t0.145, x-106.0, y-97.0, t0.21, x-107.846154, y-104.576923, t0.265, x-96.265427, y-95.654832, t0.32, x-90.207636, y-103.75109, t0.37, x-86.211428, y-99.600449, t0.43, x-104.532794, y-97.8126, t0.483, x-100.0, y-100.0, t0.594, a0.0, t6.0, x-100.0, y-100.0, a0.0, r18.434949, sx1.0, sy1.0, loop",
		"vfl_emo_jump_loop": "t0.0, x0, y0, a1.0, r0, sx1.0, sy1.0, t0.121, y-30.0, t0.3, y-40.0, t0.499, y0, t0.55, y-3.0, t0.599, y0, t60.0, x0, y0, a1.0, r0, sx1.0, sy1.0, loop",
		"vfl_emo_hooray_loop": "t0.0, x0, y0, a1.0, r0, sx1.0, sy1.0, t0.121, y-30.0, t0.3, y-40.0, t0.499, y0, t0.7, y-30.0, t0.8, y-40.0, t0.91, y0, t1.0, x0, y0, a1.0, r0, sx1.0, sy1.0, loop",
		"vfl_emo_lookhere_loop": "t0.0, x0, y0, a1.0, r0, sx1.0, sy1.0, t0.2, sx1.2, sy1.2, t0.398, sx0.9, sy0.9, t0.699, sx1.2, sy1.2, t0.899, sx1.0, sy1.0, t1.4, x0, y0, a1.0, r0, sx1.0, sy1.0, loop",
		"vfl_emo_nonono_loop": "t0.0, x0, y0, a1.0, r0, sx1.0, sy1.0, t0.301, x40.0, t0.6, x0, t0.899, x-40.0, t1.102, x0, t1.3, x20.0, t1.5, x-20.0, t1.601, x0, t2.0, x0, y0, a1.0, r0, sx1.0, sy1.0, loop",
		"vfl_step_rkick_loop": "t0.0, x0, y0, a1.0, r0, sx1.0, sy1.0, t0.4, x60.0, t1.0, x0, y0, a1.0, r0, sx1.0, sy1.0, t60.0, x0, y0, a1.0, r0, sx1.0, sy1.0, loop",
		"vfl_step_lkick_loop": "t0.0, x0, y0, a1.0, r0, sx1.0, sy1.0, t0.4, x-60.0, t1.0, x0, y0, a1.0, r0, sx1.0, sy1.0, t60.0, x0, y0, a1.0, r0, sx1.0, sy1.0, loop"
	},
	"vn_refs:gradients1":{
		"gmask_uzo1":"/_content/anims/gradmask_uzo1_ww1920_hh1080.jpg",
		"gmask_uzo2":"/_content/anims/gradmask_uzo2_ww1920_hh1080.jpg",
		"gmask_uzo3":"/_content/anims/gradmask_uzo3_ww1920_hh1080.jpg",
		"gmask_uzo4":"/_content/anims/gradmask_uzo4_ww1920_hh1080.jpg",
		"gmask_uzo5":"/_content/anims/gradmask_uzo5_ww1920_hh1080.jpg",

		"gmask_chk1":"/_content/anims/gradmask_chk1_ww1920_hh1080.jpg",
		"gmask_chk2":"/_content/anims/gradmask_chk2_ww1920_hh1080.jpg",
		"gmask_chk3":"/_content/anims/gradmask_chk3_ww1920_hh1080.jpg",
		"gmask_chk4":"/_content/anims/gradmask_chk4_ww1920_hh1080.jpg",
		"gmask_chk5":"/_content/anims/gradmask_chk5_ww1920_hh1080.jpg",
		"gmask_chk6":"/_content/anims/gradmask_chk6_ww1920_hh1080.jpg",

		"gmask_rou1":"/_content/anims/gradmask_rou1_ww1920_hh1080.jpg",
		"gmask_rou2":"/_content/anims/gradmask_rou2_ww1920_hh1080.jpg",
		"gmask_rou3":"/_content/anims/gradmask_rou3_ww1920_hh1080.jpg",
		"gmask_rou4":"/_content/anims/gradmask_rou4_ww1920_hh1080.jpg",
		"gmask_rou5":"/_content/anims/gradmask_rou5_ww1920_hh1080.jpg",
		"gmask_rou6":"/_content/anims/gradmask_rou6_ww1920_hh1080.jpg",
		"gmask_rou7":"/_content/anims/gradmask_rou7_ww1920_hh1080.jpg",

		"gmask_horz1":"/_content/anims/gradmask_horz1_ww1920_hh1080.jpg",
		"gmask_horz2":"/_content/anims/gradmask_horz2_ww1920_hh1080.jpg",
		"gmask_horz3":"/_content/anims/gradmask_horz3_ww1920_hh1080.jpg",
		"gmask_horz4":"/_content/anims/gradmask_horz4_ww1920_hh1080.jpg",
		"gmask_horz5":"/_content/anims/gradmask_horz5_ww1920_hh1080.jpg",
		"gmask_horz6":"/_content/anims/gradmask_horz6_ww1920_hh1080.jpg",

		"gmask_vert1":"/_content/anims/gradmask_vert1_ww1920_hh1080.jpg",
		"gmask_vert2":"/_content/anims/gradmask_vert2_ww1920_hh1080.jpg",
		"gmask_vert3":"/_content/anims/gradmask_vert3_ww1920_hh1080.jpg",
		"gmask_vert4":"/_content/anims/gradmask_vert4_ww1920_hh1080.jpg",

		"gmask_vslider":"/_content/anims/gradmask_vslider_ww20_hh1080.jpg"
	},
	"vn_refs:gradients2":{
		"gmask_white":"gen://dummy_with(color:#ffffffff)_ww1920_hh1080",
		"gmask_black":"gen://dummy_with(color:#ff000000)_ww1920_hh1080",
		"gmask_semi":"gen://dummy_with(color:#99999999)_ww1920_hh1080"
	},
	"vn_refs:elements":{
		"gen_title":"gen://label_pww0.85_hh100_with(color:#ffffff)_with(font:serif)_with(size:64)_with(align:right)_with(shadow: dst4 ang90 blr1 col#bb222222)"
	},
	"vn_refs:story_items":{
		"story_notf1":"/_content/art/items/notf1_ww719_hh204.png",
		"story_notf2":"/_content/art/items/notf2_ww1000_hh532.png"
	}
}
