{
	"vn_setup_story": ["chapter1_1"],
	"vn_setup_gallery": {
		"bg": ["vn_refs:bg_plainimg"],
		"cg": ["vn_refs:cg_plainimg"]
	},
	
	"vn_setup_spots": {
		"here": 			{},
		"somewhere": 		{},
		"somewhere1": 		{},
		"somewhere2": 		{},
		"somewhere3": 		{},
		"nowhere": 			{},

		"bg": 				{"fg_pos": [0.50, 0.50, 0, 0, 0.5, 0.5],"fg_scale": [1.00,1.00], "zorder": 1,
							"default_actor_size": [1.0,1.0], "default_actor": "vn_bg"},
		"bottom": 			{"fg_pos": [0.50, 1.00, 0, 0, 0.5, 0.5],"fg_scale": [1.00,1.00], "zorder": 2},
		
		"dist_rr": 			{"fg_pos": [0.70, 0.65, 0, 0, 0.5, 0.5],"fg_scale": [0.77,0.77], "zorder": 3},
		"far_rr": 			{"fg_pos": [0.73, 0.80, 0, 0, 0.5, 0.5],"fg_scale": [0.98,0.98], "zorder": 4},
		"mid_rr": 			{"fg_pos": [0.77, 0.95, 0, 0, 0.5, 0.5],"fg_scale": [1.20,1.20], "zorder": 5},
		"near_rr": 			{"fg_pos": [0.70, 1.10, 0, 0, 0.5, 0.5],"fg_scale": [1.40,1.40], "zorder": 6},
		
		"dist_r": 			{"fg_pos": [0.60, 0.65, 0, 0, 0.5, 0.5],"fg_scale": [0.77,0.77], "zorder": 3},
		"far_r": 			{"fg_pos": [0.63, 0.80, 0, 0, 0.5, 0.5],"fg_scale": [0.98,0.98], "zorder": 4},
		"mid_r": 			{"fg_pos": [0.67, 0.95, 0, 0, 0.5, 0.5],"fg_scale": [1.20,1.20], "zorder": 5},
		"near_r": 			{"fg_pos": [0.70, 1.10, 0, 0, 0.5, 0.5],"fg_scale": [1.40,1.40], "zorder": 6},

		"dist_cr": 			{"fg_pos": [0.59, 0.65, 0, 0, 0.5, 0.5],"fg_scale": [0.77,0.77], "zorder": 3},
		"far_cr": 			{"fg_pos": [0.60, 0.80, 0, 0, 0.5, 0.5],"fg_scale": [0.98,0.98], "zorder": 4},
		"mid_cr": 			{"fg_pos": [0.62, 0.95, 0, 0, 0.5, 0.5],"fg_scale": [1.20,1.20], "zorder": 5},
		"near_cr": 			{"fg_pos": [0.65, 1.10, 0, 0, 0.5, 0.5],"fg_scale": [1.40,1.40], "zorder": 6},

		"dist_c": 			{"fg_pos": [0.50, 0.65, 0, 0, 0.5, 0.5],"fg_scale": [0.77,0.77], "zorder": 3},
		"far_c": 			{"fg_pos": [0.50, 0.80, 0, 0, 0.5, 0.5],"fg_scale": [0.98,0.98], "zorder": 4},
		"mid_c": 			{"fg_pos": [0.50, 0.95, 0, 0, 0.5, 0.5],"fg_scale": [1.20,1.20], "zorder": 5},
		"near_c": 			{"fg_pos": [0.50, 1.10, 0, 0, 0.5, 0.5],"fg_scale": [1.40,1.40], "zorder": 6},

		"dist_cl": 			{"fg_pos": [0.41, 0.65, 0, 0, 0.5, 0.5],"fg_scale": [0.77,0.77], "zorder": 3},
		"far_cl": 			{"fg_pos": [0.40, 0.80, 0, 0, 0.5, 0.5],"fg_scale": [0.98,0.98], "zorder": 4},
		"mid_cl": 			{"fg_pos": [0.38, 0.95, 0, 0, 0.5, 0.5],"fg_scale": [1.20,1.20], "zorder": 5},
		"near_cl": 			{"fg_pos": [0.35, 1.10, 0, 0, 0.5, 0.5],"fg_scale": [1.40,1.40], "zorder": 6},

		"dist_l": 			{"fg_pos": [0.40, 0.65, 0, 0, 0.5, 0.5],"fg_scale": [0.77,0.77], "zorder": 3},
		"far_l": 			{"fg_pos": [0.37, 0.80, 0, 0, 0.5, 0.5],"fg_scale": [0.98,0.98], "zorder": 4},
		"mid_l": 			{"fg_pos": [0.33, 0.95, 0, 0, 0.5, 0.5],"fg_scale": [1.20,1.20], "zorder": 5},
		"near_l": 			{"fg_pos": [0.30, 1.10, 0, 0, 0.5, 0.5],"fg_scale": [1.40,1.40], "zorder": 6},
		"dist_ll": 			{"fg_pos": [0.30, 0.65, 0, 0, 0.5, 0.5],"fg_scale": [0.77,0.77], "zorder": 3},
		"far_ll": 			{"fg_pos": [0.27, 0.80, 0, 0, 0.5, 0.5],"fg_scale": [0.98,0.98], "zorder": 4},
		"mid_ll": 			{"fg_pos": [0.23, 0.95, 0, 0, 0.5, 0.5],"fg_scale": [1.20,1.20], "zorder": 5},
		"near_ll": 			{"fg_pos": [0.20, 1.10, 0, 0, 0.5, 0.5],"fg_scale": [1.40,1.40], "zorder": 6},
		
		"near_item_lt": 	{"fg_pos": [0.15, 0.15, 0, 0, 0.5, 0.5],"fg_scale": [0.5, 0.5], "zorder": 7},
		"near_item_rt": 	{"fg_pos": [0.85, 0.15, 0, 0, 0.5, 0.5],"fg_scale": [0.5, 0.5], "zorder": 7},
		"near_item_c": 		{"fg_pos": [0.50, 0.50, 0, 0, 0.5, 0.5],"fg_scale": [1.0, 1.0], "zorder": 7},

		"cg": 				{"fg_pos": [0.50, 0.50, 0, 0, 0.5, 0.5],"fg_scale": [1.00,1.00], "zorder": 8, 
							"default_actor_size": [1.0,1.0], "default_actor": "vn_cg"},

		"view_item_r": 		{"fg_pos": [0.90, 0.50, 0, 0, 0.5, 0.5],"fg_scale": [1.0, 1.0], "zorder": 9},
		"view_center": 		{"fg_pos": [0.50, 0.50, 0, 0, 0.5, 0.5],"fg_scale": [1.0, 1.0], "zorder": 9},
		"view_center1": 	{"fg_pos": [0.50, 0.50, 0, 0, 0.5, 0.5],"fg_scale": [1.0, 1.0], "zorder": 9},
		"view_center2": 	{"fg_pos": [0.50, 0.50, 0, 0, 0.5, 0.5],"fg_scale": [1.0, 1.0], "zorder": 9},
		"view_center3": 	{"fg_pos": [0.50, 0.50, 0, 0, 0.5, 0.5],"fg_scale": [1.0, 1.0], "zorder": 9},
		"view_center4": 	{"fg_pos": [0.50, 0.50, 0, 0, 0.5, 0.5],"fg_scale": [1.0, 1.0], "zorder": 9},
		"view_center5": 	{"fg_pos": [0.50, 0.50, 0, 0, 0.5, 0.5],"fg_scale": [1.0, 1.0], "zorder": 9},
		"view_center6": 	{"fg_pos": [0.50, 0.50, 0, 0, 0.5, 0.5],"fg_scale": [1.0, 1.0], "zorder": 9},
		"view_center7": 	{"fg_pos": [0.50, 0.50, 0, 0, 0.5, 0.5],"fg_scale": [1.0, 1.0], "zorder": 9},
		"view_center8": 	{"fg_pos": [0.50, 0.50, 0, 0, 0.5, 0.5],"fg_scale": [1.0, 1.0], "zorder": 9},
		"view_center9": 	{"fg_pos": [0.50, 0.50, 0, 0, 0.5, 0.5],"fg_scale": [1.0, 1.0], "zorder": 9},
		
		"nvl_zone": 		{"fg_pos": [0.50, 0.50, 0, 0, 0.5, 0.5],"fg_scale": [1.0, 1.0], "zorder": 10, 
							"default_actor_size": [0.8,0.8], "default_actor": ""},
		"adv_zone": 		{"fg_pos": [0.50, 1.00, 0, 0, 0.5, 1.0],"fg_scale": [1.0, 1.0], "zorder": 10, 
							"default_actor_size": [0.6,0.6], "default_actor": "narrator_adv"},

		"view_title": 		{"fg_pos": [0.75, 0.15, 0, 0, 0.5, 0.5],"fg_scale": [1.0, 1.0], "zorder": 11,
							"default_actor_size": [0.0,0.0], "default_actor": "vn_title"}
	},
	
	"vn_chars:system":{
		"narrator_adv": {
			"actor_tag": "narrator",
			"actor_type": "adv_actor",
			"sfx_tap": "%(sfx_amb_action1)",
			"choice_bg_refpic": "%(vn_choicer)",
			"lines_default": 3,
			"textbox_styles":{
				"**":{
					"bg_mood_slot":"main",
					"text_align": "center",
					"text_insets": [100, 25],
					"text_offset": [0, 0],
					"avt_ppos": null
				},
				"<=":{
					"bg_mood_slot":"main",
					"text_align": "left",
					"text_insets": [100, 25],
					"text_offset": [-30, 0],
					"avt_ppos": [0.0,0.5,0,0,0.0,0.0]
				},
				"=>":{
					"bg_mood_slot":"main",
					"text_align": "right",
					"text_insets": [100, 25],
					"text_offset": [30, 0],
					"avt_ppos": [1.0,0.5,0,0,0.0,0.0]
				},
				"!":{
					"actions": ["@adv_blurup"]
				},
				"/":{
					"bg_mood_slot":"begin",
					"actions": ["@adv_dropall"]
				},
				"x":{
					"bg_mood_slot":"end",
					"bg_active_underlay":"%(vn_finshade)"
				}
			},
			"mood_def":"def",
			"moods": {
				"def": {"main":"%(vn_textbox1)", "begin":"%(vn_textbox2)", "end":"%(vn_textbox3)"},
				"alt": {"main":"%(vn_textbox1)", "begin":"%(vn_textbox2)", "end":"%(vn_textbox3)"}
			}
		},
		"narrator_nvl": {
			"actor_tag": "narrator",
			"actor_type": "nvl_actor",
			"bg_refpic": "%(gmask_semi)",
			"nick_color": "0x9AFFCB",
			"textbox_styles":{
				"!":{
					"actions": ["@nvl_blurup"]
				},
				"/":{
					"actions": ["@nvl_dropall"]
				}
			}
		},
		"vn_bg": {
			"actor_tag": "scene_bg",
			"actor_type": "img_actor"
		},
		"vn_cg": {
			"actor_tag": "scene_cg",
			"actor_type": "img_actor"
		},
		"vn_title": {
			"actor_tag": "scene_title",
			"actor_type": "img_actor"
		}
	},

	"vn_refs:system":{
		"vn_textbox1":"/_content/art/misc/vn_textbox1_gw50_gh50.png",
		"vn_textbox2":"/_content/art/misc/vn_textbox2_gw50_gh50.png",
		"vn_textbox3":"/_content/art/misc/vn_textbox3_gw50_gh50.png",
		
		"vn_finshade":"/_content/art/misc/vn_textbox_finshade_ww1920_hh200.png",
		"vn_choicer":"/_content/art/misc/vn_textbox_choicer_ww1920_hh200.png"
	}
}
