<!-- adapted from http://www.w3.org/TR/css3-color/ -->
<colors>
<color name="aliceblue">240, 248, 255</color>
<color name="antiquewhite">250, 235, 215</color>
<color name="aqua">0, 255, 255</color>
<color name="aquamarine">127, 255, 212</color>
<color name="azure">240, 255, 255</color>
<color name="beige">245, 245, 220</color>
<color name="bisque">255, 228, 196</color>
<color name="black">0, 0, 0</color>
<color name="blanchedalmond">255, 235, 205</color>
<color name="blue">0, 0, 255</color>
<color name="blueviolet">138, 43, 226</color>
<color name="brown">165, 42, 42</color>
<color name="burlywood">222, 184, 135</color>
<color name="cadetblue">95, 158, 160</color>
<color name="chartreuse">127, 255, 0</color>
<color name="chocolate">210, 105, 30</color>
<color name="coral">255, 127, 80</color>
<color name="cornflowerblue">100, 149, 237</color>
<color name="cornsilk">255, 248, 220</color>
<color name="crimson">220, 20, 60</color>
<color name="cyan">0, 255, 255</color>
<color name="darkblue">0, 0, 139</color>
<color name="darkcyan">0, 139, 139</color>
<color name="darkgoldenrod">184, 134, 11</color>
<color name="darkgray">169, 169, 169</color>
<color name="darkgreen">0, 100, 0</color>
<color name="darkgrey">169, 169, 169</color>
<color name="darkkhaki">189, 183, 107</color>
<color name="darkmagenta">139, 0, 139</color>
<color name="darkolivegreen">85, 107, 47</color>
<color name="darkorange">255, 140, 0</color>
<color name="darkorchid">153, 50, 204</color>
<color name="darkred">139, 0, 0</color>
<color name="darksalmon">233, 150, 122</color>
<color name="darkseagreen">143, 188, 143</color>
<color name="darkslateblue">72, 61, 139</color>
<color name="darkslategray">47, 79, 79</color>
<color name="darkslategrey">47, 79, 79</color>
<color name="darkturquoise">0, 206, 209</color>
<color name="darkviolet">148, 0, 211</color>
<color name="deeppink">255, 20, 147</color>
<color name="deepskyblue">0, 191, 255</color>
<color name="dimgray">105, 105, 105</color>
<color name="dimgrey">105, 105, 105</color>
<color name="dodgerblue">30, 144, 255</color>
<color name="firebrick">178, 34, 34</color>
<color name="floralwhite">255, 250, 240</color>
<color name="forestgreen">34, 139, 34</color>
<color name="fuchsia">255, 0, 255</color>
<color name="gainsboro">220, 220, 220</color>
<color name="ghostwhite">248, 248, 255</color>
<color name="gold">255, 215, 0</color>
<color name="goldenrod">218, 165, 32</color>
<color name="gray">128, 128, 128</color>
<color name="green">0, 128, 0</color>
<color name="greenyellow">173, 255, 47</color>
<color name="grey">128, 128, 128</color>
<color name="honeydew">240, 255, 240</color>
<color name="hotpink">255, 105, 180</color>
<color name="indianred">205, 92, 92</color>
<color name="indigo">75, 0, 130</color>
<color name="ivory">255, 255, 240</color>
<color name="khaki">240, 230, 140</color>
<color name="lavender">230, 230, 250</color>
<color name="lavenderblush">255, 240, 245</color>
<color name="lawngreen">124, 252, 0</color>
<color name="lemonchiffon">255, 250, 205</color>
<color name="lightblue">173, 216, 230</color>
<color name="lightcoral">240, 128, 128</color>
<color name="lightcyan">224, 255, 255</color>
<color name="lightgoldenrodyellow">250, 250, 210</color>
<color name="lightgray">211, 211, 211</color>
<color name="lightgreen">144, 238, 144</color>
<color name="lightgrey">211, 211, 211</color>
<color name="lightpink">255, 182, 193</color>
<color name="lightsalmon">255, 160, 122</color>
<color name="lightseagreen">32, 178, 170</color>
<color name="lightskyblue">135, 206, 250</color>
<color name="lightslategray">119, 136, 153</color>
<color name="lightslategrey">119, 136, 153</color>
<color name="lightsteelblue">176, 196, 222</color>
<color name="lightyellow">255, 255, 224</color>
<color name="lime">0, 255, 0</color>
<color name="limegreen">50, 205, 50</color>
<color name="linen">250, 240, 230</color>
<color name="magenta">255, 0, 255</color>
<color name="maroon">128, 0, 0</color>
<color name="mediumaquamarine">102, 205, 170</color>
<color name="mediumblue">0, 0, 205</color>
<color name="mediumorchid">186, 85, 211</color>
<color name="mediumpurple">147, 112, 219</color>
<color name="mediumseagreen">60, 179, 113</color>
<color name="mediumslateblue">123, 104, 238</color>
<color name="mediumspringgreen">0, 250, 154</color>
<color name="mediumturquoise">72, 209, 204</color>
<color name="mediumvioletred">199, 21, 133</color>
<color name="midnightblue">25, 25, 112</color>
<color name="mintcream">245, 255, 250</color>
<color name="mistyrose">255, 228, 225</color>
<color name="moccasin">255, 228, 181</color>
<color name="navajowhite">255, 222, 173</color>
<color name="navy">0, 0, 128</color>
<color name="oldlace">253, 245, 230</color>
<color name="olive">128, 128, 0</color>
<color name="olivedrab">107, 142, 35</color>
<color name="orange">255, 165, 0</color>
<color name="orangered">255, 69, 0</color>
<color name="orchid">218, 112, 214</color>
<color name="palegoldenrod">238, 232, 170</color>
<color name="palegreen">152, 251, 152</color>
<color name="paleturquoise">175, 238, 238</color>
<color name="palevioletred">219, 112, 147</color>
<color name="papayawhip">255, 239, 213</color>
<color name="peachpuff">255, 218, 185</color>
<color name="peru">205, 133, 63</color>
<color name="pink">255, 192, 203</color>
<color name="plum">221, 160, 221</color>
<color name="powderblue">176, 224, 230</color>
<color name="purple">128, 0, 128</color>
<color name="red">255, 0, 0</color>
<color name="rosybrown">188, 143, 143</color>
<color name="royalblue">65, 105, 225</color>
<color name="saddlebrown">139, 69, 19</color>
<color name="salmon">250, 128, 114</color>
<color name="sandybrown">244, 164, 96</color>
<color name="seagreen">46, 139, 87</color>
<color name="seashell">255, 245, 238</color>
<color name="sienna">160, 82, 45</color>
<color name="silver">192, 192, 192</color>
<color name="skyblue">135, 206, 235</color>
<color name="slateblue">106, 90, 205</color>
<color name="slategray">112, 128, 144</color>
<color name="slategrey">112, 128, 144</color>
<color name="snow">255, 250, 250</color>
<color name="springgreen">0, 255, 127</color>
<color name="steelblue">70, 130, 180</color>
<color name="tan">210, 180, 140</color>
<color name="teal">0, 128, 128</color>
<color name="thistle">216, 191, 216</color>
<color name="tomato">255, 99, 71</color>
<color name="turquoise">64, 224, 208</color>
<color name="violet">238, 130, 238</color>
<color name="wheat">245, 222, 179</color>
<color name="white">255, 255, 255</color>
<color name="whitesmoke">245, 245, 245</color>
<color name="yellow">255, 255, 0</color>
<color name="yellowgreen">154, 205, 50 </color>
</colors>